wear_quintile,count,mean,median,p90,delta_vs_q1,multiplier_vs_q1
Q1,754912,1474.2282039934666,1047.89073857917,3270.68927495923,0.0,1.0
Q2,754911,1665.0836471554394,1199.07210343318,3679.7899657252,190.85544316197274,1.1294612615909623
Q3,754911,2047.3757584122461,1453.88170860563,4384.8423492859,573.1475544187795,1.3887780418704563
Q4,754911,2663.194598218882,1973.14689309826,5939.73975216293,1188.9663942254156,1.8065009141764357
Q5,754912,4025.189322526781,3695.82014980892,7423.277964255279,2550.961118533314,2.7303705841627077
